[
    {
        "ParameterKey": "EnvironmentName",
        "ParameterValue": "UdacityProject"
    },
    {
        "ParameterKey": "VPCCIDR",
        "ParameterValue": "10.0.0.0/16"
    },
    {
        "ParameterKey": "PublicSubnetAZ1CIDR",
        "ParameterValue": "10.0.0.0/24"
    },
    {
        "ParameterKey": "PublicSubnetAZ2CIDR",
        "ParameterValue": "10.0.1.0/24"
    },
    {
        "ParameterKey": "PrivateSubnetAZ1CIDR",
        "ParameterValue": "10.0.2.0/24"
    },
    {
        "ParameterKey": "PrivateSubnetAZ2CIDR",
        "ParameterValue": "10.0.3.0/24"
    }
  ]